{"accuracy": 0.815625, "precision": 0.8468335787923417, "recall": 0.9296685529506872, "f1_score": 0.8863198458574181, "roc_auc": 0.8437145764991726}