{"accuracy": 0.790625, "precision": 0.8648867313915858, "recall": 0.8641875505254648, "f1_score": 0.8645369995956328, "roc_auc": 0.8288380980377746}