{"accuracy": 0.662, "precision": 0.4678362573099415, "recall": 0.5063291139240507, "f1_score": 0.48632218844984804, "roc_auc": 0.6805925679176845}