{"accuracy": 0.672, "precision": 1.0, "recall": 0.00303951367781155, "f1_score": 0.006060606060606061, "roc_auc": 0.6874442265094515}