{"accuracy": 0.6744, "precision": 0.5053191489361702, "recall": 0.23227383863080683, "f1_score": 0.31825795644891125, "roc_auc": 0.620992008000721}