{"accuracy": 0.81625, "precision": 0.847457627118644, "recall": 0.9296685529506872, "f1_score": 0.8866615265998458, "roc_auc": 0.8437145764991726}