{"accuracy": 0.655, "precision": 0.45604395604395603, "recall": 0.25227963525835867, "f1_score": 0.324853228962818, "roc_auc": 0.6203099307389507}