{"accuracy": 0.702, "precision": 0.5638297872340425, "recall": 0.32919254658385094, "f1_score": 0.41568627450980394, "roc_auc": 0.6547023580497994}