{"accuracy": 0.8363095238095238, "precision": 0.8981481481481481, "recall": 0.8546255506607929, "f1_score": 0.8758465011286681, "roc_auc": 0.9070960585934518}