{"accuracy": 0.785, "precision": 0.8761583824768323, "recall": 0.8407437348423605, "f1_score": 0.858085808580858, "roc_auc": 0.8275464277522042}